Ra One,,,
Don,,,
,,,
,,,
,,,
,,,
,,,
,,,
,,,
,,,
Om Shanthi Om,,,
Paheli,,,
Jab We Met,,,
,,,
Paa,,,
,,,
,,,
,,,
,,,
Agneepath,,,
Agneepath Duplicate,,,
,,,
,,,
,,,
,,,
,,,
,,,
,,,
,,,
,,,
,,,
,,,
Fool N Final,,,
,,,
Badmash Company,,,
,,,
,,,
Muskaan,,,
Dilwale Dulhania Le Jayenge,,,
Ready,,,
Agent Vinod,,,
Slumdog Millionaire,,,
Kahaani,,,
,,,
Jannat 2,,,
Dil Hai Hindustani,,,
,,,
Aiyya,,,
Heroine,,,
Department,,,
Chalo Dilli,,,
Tum Mile,,,
,,,
OMG - Oh My God,,,
Joker,,,
Thoda Pyaar Thoda Magic,,,
Rush,,,
,,,
Barfi,,,
,,,
,,,
Khiladi786,,,
Players,,,
,,,
,,,
,,,
Gandhi My Father,Water,Veer Zaara,
,,,
Guzarish,Hiss,Robot,Action Replay
Koi Mil Gaya,Na Tum Jaano Na Hum,Kashmir,Luck By Chance
,,,
,,,
,,,
Kyon Ki,Tere Naam,Khamoshi,
,,,
,,,
,,,
Hum Dil De Chuke Sanam,Boduguard,Lucky,Tumko Na Bhool Payenge
Kuch Kuch Hota Hai,Chakde,Anjaam,My Name Is Khan
,,,
Sahi Dhande Galat Bande,Cash,Race,Kurbaan
,,,
Bol Bachchan - Audio is Slow,Bhuddaah Hoga Terra Baap,Singham,Don2
,,,
Dangerous Ishq,Paan Singh Tomar,Aarakshan,Koi Mil Gaya
Dil Maange More,Deewane Huye Paagal,Vaah Life Ho Toh Aisi,Shikhar
Shikhar,Pyaar To Hona Hi Tha,,
,,,
Dil Toh Bachcha Hai Ji,Dilwale,Once Upon A Time In Mumbai,Hindustan Ki Kasam
Dangerous Ishq,Ladies Vs Ricky Bahl,Dhobi Ghat,
Humraaz,Bichhoo,Shaheed,Aashiq
,,,
,,,
Jism 2,Raaz,Raaz 2,
Khatta Meetha,Chandni Chowk To China,Kambakkht Ishq,
English Vinglish,Kyaa Super Kool Hain Hum,Ishaqzaade,Raaz3
Dabangg 2 - Camera Copy,Talaash,Jab Tak Hai Jaan,Son Of Sardaar
,,,
,,,
,,,
,,,
,,,
,,,
,,,
,,,
,,,
,,,
,,,
,,,
,,,
,,,
,,,
,,,
,,,
Aashiqui 2,,,
,,,
,,,
,,,
,,,
,,,
,,,
,,,
,,,
,,,
,,,
,,,
,,,
,,,
,,,
,,,
,,,
,,,
,,,
Jai Ho,,,
,,,
,,,
,,,
,,,
,,,
,,,
,,,
,,,
,,,
,,,
,,,
,,,
,,,
,,,
,,,
,,,
Raja Natwarlal,,,
,,,
,,,
,,,
,,,
,,,
,,,
Mr.X,,,
,,,
,,,
,,,
Bajrangi Bhaijaan,,,
