"1","Ra One",,,
"2","Don",,,
"3",,,,
"4",,,,
"5",,,,
"6",,,,
"7",,,,
"8",,,,
"9",,,,
"10",,,,
"11","Om Shanthi Om",,,
"12","Paheli",,,
"13","Jab We Met",,,
"14",,,,
"15","Paa",,,
"16",,,,
"17",,,,
"18",,,,
"19",,,,
"20","Agneepath",,,
"21","Agneepath Duplicate",,,
"22",,,,
"23",,,,
"24",,,,
"25",,,,
"26",,,,
"27",,,,
"28",,,,
"29",,,,
"30",,,,
"31",,,,
"32",,,,
"33","Fool N Final",,,
"34",,,,
"35","Badmash Company",,,
"36",,,,
"37",,,,
"38","Muskaan",,,
"39","Dilwale Dulhania Le Jayenge",,,
"40","Ready",,,
"41","Agent Vinod",,,
"42","Slumdog Millionaire",,,
"43","Kahaani",,,
"44",,,,
"45","Jannat 2",,,
"46","Dil Hai Hindustani",,,
"47",,,,
"48","Aiyya",,,
"49","Heroine",,,
"50","Department",,,
"51","Chalo Dilli",,,
"52","Tum Mile",,,
"53",,,,
"54","OMG - Oh My God",,,
"55","Joker",,,
"56","Thoda Pyaar Thoda Magic",,,
"57","Rush",,,
"58",,,,
"59","Barfi",,,
"60",,,,
"61",,,,
"62","Khiladi786",,,
"63","Players",,,
"64",,,,
"65",,,,
"66",,,,
"67","Gandhi My Father","Water","Veer Zaara",
"68",,,,
"69","Guzarish","Hiss","Robot","Action Replay"
"70","Koi Mil Gaya","Na Tum Jaano Na Hum","Kashmir","Luck By Chance"
"71",,,,
"72",,,,
"73",,,,
"74","Kyon Ki","Tere Naam","Khamoshi",
"75",,,,
"76",,,,
"77",,,,
"78","Hum Dil De Chuke Sanam","Boduguard","Lucky","Tumko Na Bhool Payenge"
"79","Kuch Kuch Hota Hai","Chakde","Anjaam","My Name Is Khan"
"80",,,,
"81","Sahi Dhande Galat Bande","Cash","Race","Kurbaan"
"82",,,,
"83","Bol Bachchan - Audio is Slow","Bhuddaah Hoga Terra Baap","Singham","Don2"
"84",,,,
"85","Dangerous Ishq","Paan Singh Tomar","Aarakshan","Koi Mil Gaya"
"86","Dil Maange More","Deewane Huye Paagal","Vaah Life Ho Toh Aisi","Shikhar"
"87","Shikhar","Pyaar To Hona Hi Tha",,
"88",,,,
"89","Dil Toh Bachcha Hai Ji","Dilwale","Once Upon A Time In Mumbai","Hindustan Ki Kasam"
"90","Dangerous Ishq","Ladies Vs Ricky Bahl","Dhobi Ghat",
"91","Humraaz","Bichhoo","Shaheed","Aashiq"
"92",,,,
"93",,,,
"94","Jism 2","Raaz","Raaz 2",
"95","Khatta Meetha","Chandni Chowk To China","Kambakkht Ishq",
"96","English Vinglish","Kyaa Super Kool Hain Hum","Ishaqzaade","Raaz3"
"97","Dabangg 2 - Camera Copy","Talaash","Jab Tak Hai Jaan","Son Of Sardaar"
"98",,,,
"99",,,,
"100",,,,
"101",,,,
"102",,,,
"103",,,,
"104",,,,
"105",,,,
"106",,,,
"107",,,,
"108",,,,
"109",,,,
"110",,,,
"111",,,,
"112",,,,
"113",,,,
"114",,,,
"115","Aashiqui 2",,,
"116",,,,
"117",,,,
"118",,,,
"119",,,,
"120",,,,
"121",,,,
"122",,,,
"123",,,,
"124",,,,
"125",,,,
"126",,,,
"127",,,,
"128",,,,
"129",,,,
"130",,,,
"131",,,,
"132",,,,
"133",,,,
"134","Jai Ho",,,
"135",,,,
"136",,,,
"137",,,,
"138",,,,
"139",,,,
"140",,,,
"141",,,,
"142",,,,
"143",,,,
"144",,,,
"145",,,,
"146",,,,
"147",,,,
"148",,,,
"149",,,,
"150",,,,
"151","Raja Natwarlal",,,
"152",,,,
"153",,,,
"154",,,,
"155",,,,
"156",,,,
"157",,,,
"158","Mr.X",,,
"159",,,,
"160",,,,
"161",,,,
"162","Bajrangi Bhaijaan",,,
"163","Love Aaj Kaal 2020",,,
"164","Koi Mil Gaya","Krish 2","Krish 3",
